Conto : Lorem Ipsum Blah Blah;;;;;;;;;;;
Data estrazione : 27-7-2026 13:47:50;;;;;;;;;;;
;;;;;;;;;;;
Tutti i movimenti ordinati per Data Operazione;;;;;;;;;;;
Dal : 01-07-2022;;;;;;;;;;;
al : 27-07-2026;;;;;;;;;;;
;;;;;;;;;;;
Il file include i primi 3000 movimenti;;;;;;;;;;;
;;;;;;;;;;;
Data operazione;Data valuta;Tipo operazione;Ticker;Isin;Protocollo;Descrizione;Quantità;Importo euro;Importo Divisa;Divisa;Riferimento ordine
23-07-2026;27-07-2026;Acquisto;EXUS;IE0006WW1TQ4;;Xtrackers MSCI World ex USA UC;5;-196,75;0;EUR;
18-07-2026;18-07-2026;Conferimento con bonifico;;;19229535;;0;153;0;EUR;
10-07-2026;30-06-2026;Bollo portafoglio titoli*;;;65999121;;0;-12;0;EUR;
10-06-2026;10-06-2026;Conferimento con bonifico;;;19060244;;0;1;0;EUR;
10-04-2026;31-03-2026;Bollo portafoglio titoli*;;;64217123;;0;-10,7;0;EUR;
12-01-2026;31-12-2025;Bollo portafoglio titoli*;;;62468560;;0;-11;0;EUR;
15-12-2025;17-12-2025;Acquisto;EXUS;IE0006WW1TQ4;;Xtrackers MSCI World ex USA UC;20;-694,6;0;EUR;
15-12-2025;17-12-2025;Acquisto;XD9U;IE00BJ0KDR00;;XTRACKERS MSCI USA UCITS ETF;16;-2732,96;0;EUR;
12-12-2025;16-12-2025;Acquisto;EIMI;IE00BKM4GZ66;;ISHARES CORE MSCI EM IMI UCITS;14;-524,58;0;EUR;
12-12-2025;16-12-2025;Vendita;EM35;LU1650488494;;Amundi Eur Gvrnmnt Bnd 3-5Y UC;25;3795,75;0;EUR;
12-12-2025;16-12-2025;Rit. etf;EM35;LU1650488494;;Amundi Eur Gvrnmnt Bnd 3-5Y UC;0;-0,22;0;EUR;
08-12-2025;10-12-2025;Acquisto;EIMI;IE00BKM4GZ66;;ISHARES CORE MSCI EM IMI UCITS;2;-76,05;0;EUR;
08-12-2025;10-12-2025;Acquisto;EXUS;IE0006WW1TQ4;;Xtrackers MSCI World ex USA UC;69;-2382,92;0;EUR;
08-12-2025;10-12-2025;Acquisto;EM35;LU1650488494;;Amundi Eur Gvrnmnt Bnd 3-5Y UC;25;-3794;0;EUR;
08-12-2025;10-12-2025;Acquisto;XD9U;IE00BJ0KDR00;;XTRACKERS MSCI USA UCITS ETF;33;-5721,87;0;EUR;
08-12-2025;10-12-2025;Vendita;VWCE;IE00BK5BQT80;;Vanguard Ftse All-World Ucits;54;7821,36;0;EUR;
08-12-2025;10-12-2025;Commissioni;VWCE;IE00BK5BQT80;;Vanguard Ftse All-World Ucits;0;-5;0;EUR;
08-12-2025;10-12-2025;Rit. etf;VWCE;IE00BK5BQT80;;Vanguard Ftse All-World Ucits;0;-185,49;0;EUR;
08-12-2025;10-12-2025;Vendita;MWRD;IE000BI8OT95;;Amundi Core MSCI World UCITS E;9;1259,28;0;EUR;
08-12-2025;10-12-2025;Commissioni;MWRD;IE000BI8OT95;;Amundi Core MSCI World UCITS E;0;-5;0;EUR;
08-12-2025;10-12-2025;Rit. etf;MWRD;IE000BI8OT95;;Amundi Core MSCI World UCITS E;0;-18,32;0;EUR;
08-12-2025;10-12-2025;Vendita;XDEW;IE00BLNMYC90;;XTRACKERS S&P 500 EQUAL WEIGHT;32;2906,24;0;EUR;
08-12-2025;10-12-2025;Commissioni;XDEW;IE00BLNMYC90;;XTRACKERS S&P 500 EQUAL WEIGHT;0;-5;0;EUR;
08-12-2025;10-12-2025;Rit. etf;XDEW;IE00BLNMYC90;;XTRACKERS S&P 500 EQUAL WEIGHT;0;-36,52;0;EUR;
02-12-2025;04-12-2025;Vendita;XGLE;LU0290355717;;XTRACKERS II EUROZ GOVT UCITS;2;445,26;0;EUR;
02-12-2025;04-12-2025;Commissioni;XGLE;LU0290355717;;XTRACKERS II EUROZ GOVT UCITS;0;-5;0;EUR;
01-12-2025;03-12-2025;Acquisto;XGLE;LU0290355717;;XTRACKERS II EUROZ GOVT UCITS;2;-445,58;0;EUR;
10-10-2025;30-09-2025;Bollo portafoglio titoli*;;;60718276;;0;-10,5;0;EUR;
16-09-2025;17-09-2025;Prelievo bonifico;;;18039144;;0;-1500;0;EUR;
15-09-2025;17-09-2025;Vendita;EGOV;LU1437018598;;Amundi Core Euro Government Bo;9;443,75;0;EUR;
15-09-2025;17-09-2025;Commissioni;EGOV;LU1437018598;;Amundi Core Euro Government Bo;0;-5;0;EUR;
15-09-2025;17-09-2025;Rit. etf;EGOV;LU1437018598;;Amundi Core Euro Government Bo;0;-0,22;0;EUR;
15-09-2025;17-09-2025;Vendita;EGOV;LU1437018598;;Amundi Core Euro Government Bo;2;98,61;0;EUR;
15-09-2025;17-09-2025;Vendita;EGOV;LU1437018598;;Amundi Core Euro Government Bo;29;1429,85;0;EUR;
08-09-2025;10-09-2025;Acquisto;MWRD;IE000BI8OT95;;Amundi Core MSCI World UCITS E;9;-1188,81;0;EUR;
08-09-2025;10-09-2025;Vendita;XBLC;LU0478205379;;XTRACKERS II EUR CORPORAT BOND;8;1296;0;EUR;
08-09-2025;10-09-2025;Commissioni;XBLC;LU0478205379;;XTRACKERS II EUR CORPORAT BOND;0;-5;0;EUR;
08-09-2025;10-09-2025;Rit. etf;XBLC;LU0478205379;;XTRACKERS II EUR CORPORAT BOND;0;-2;0;EUR;
15-07-2025;17-07-2025;Acquisto;EXUS;IE0006WW1TQ4;;Xtrackers MSCI World ex USA UC;4;-127,06;0;EUR;
09-07-2025;30-06-2025;Bollo portafoglio titoli*;;;35952857;;0;-9,6;0;EUR;
01-07-2025;03-07-2025;Acquisto;XBLC;LU0478205379;;XTRACKERS II EUR CORPORAT BOND;8;-1288,32;0;EUR;
01-07-2025;03-07-2025;Acquisto;VWCE;IE00BK5BQT80;;Vanguard Ftse All-World Ucits;10;-1296,1;0;EUR;
26-06-2025;30-06-2025;Vendita;GAGG;LU1437024729;;Amundi Core Global Aggregate B;54;2587,68;0;EUR;
26-06-2025;30-06-2025;Commissioni;GAGG;LU1437024729;;Amundi Core Global Aggregate B;0;-5;0;EUR;
16-06-2025;18-06-2025;Acquisto;EXUS;IE0006WW1TQ4;;Xtrackers MSCI World ex USA UC;4;-127,84;0;EUR;
16-06-2025;18-06-2025;Acquisto;EIMI;IE00BKM4GZ66;;ISHARES CORE MSCI EM IMI UCITS;3;-100,16;0;EUR;
16-06-2025;18-06-2025;Acquisto;XDEW;IE00BLNMYC90;;XTRACKERS S&P 500 EQUAL WEIGHT;5;-422,5;0;EUR;
16-06-2025;18-06-2025;Acquisto;GAGG;LU1437024729;;Amundi Core Global Aggregate B;3;-144,09;0;EUR;
16-06-2025;18-06-2025;Acquisto;EGOV;LU1437018598;;Amundi Core Euro Government Bo;4;-198,28;0;EUR;
16-06-2025;18-06-2025;Acquisto;VWCE;IE00BK5BQT80;;Vanguard Ftse All-World Ucits;1;-129,2;0;EUR;
11-06-2025;11-06-2025;Conferimento con bonifico;;;17753130;;0;1181;0;EUR;
27-05-2025;28-05-2025;Prelievo bonifico;;;17706013;;0;-1950;0;EUR;
23-05-2025;27-05-2025;Acquisto;GAGG;LU1437024729;;Amundi Core Global Aggregate B;5;-242,43;0;EUR;
23-05-2025;27-05-2025;Acquisto;EIMI;IE00BKM4GZ66;;ISHARES CORE MSCI EM IMI UCITS;1;-32,77;0;EUR;
23-05-2025;27-05-2025;Acquisto;VWCE;IE00BK5BQT80;;Vanguard Ftse All-World Ucits;3;-381,3;0;EUR;
23-05-2025;27-05-2025;Acquisto;EXUS;IE0006WW1TQ4;;Xtrackers MSCI World ex USA UC;2;-63,47;0;EUR;
23-05-2025;27-05-2025;Acquisto;EGOV;LU1437018598;;Amundi Core Euro Government Bo;4;-197,1;0;EUR;
15-05-2025;19-05-2025;Acquisto;VWCE;IE00BK5BQT80;;Vanguard Ftse All-World Ucits;2;-259,72;0;EUR;
15-05-2025;19-05-2025;Acquisto;EGOV;LU1437018598;;Amundi Core Euro Government Bo;4;-196,64;0;EUR;
15-05-2025;19-05-2025;Acquisto;EXUS;IE0006WW1TQ4;;Xtrackers MSCI World ex USA UC;6;-190,89;0;EUR;
15-05-2025;19-05-2025;Acquisto;EIMI;IE00BKM4GZ66;;ISHARES CORE MSCI EM IMI UCITS;1;-33,28;0;EUR;
15-05-2025;19-05-2025;Acquisto;GAGG;LU1437024729;;Amundi Core Global Aggregate B;5;-244,23;0;EUR;
13-05-2025;13-05-2025;Conferimento con bonifico;;;17668847;;0;200;0;EUR;
08-05-2025;12-05-2025;Acquisto;VWCE;IE00BK5BQT80;;Vanguard Ftse All-World Ucits;1;-124,97;0;EUR;
08-05-2025;12-05-2025;Acquisto;EXUS;IE0006WW1TQ4;;Xtrackers MSCI World ex USA UC;3;-93,38;0;EUR;
08-05-2025;12-05-2025;Acquisto;GAGG;LU1437024729;;Amundi Core Global Aggregate B;5;-243,8;0;EUR;
08-05-2025;12-05-2025;Acquisto;EIMI;IE00BKM4GZ66;;ISHARES CORE MSCI EM IMI UCITS;1;-31,98;0;EUR;
08-05-2025;12-05-2025;Acquisto;EGOV;LU1437018598;;Amundi Core Euro Government Bo;4;-197,58;0;EUR;
02-05-2025;06-05-2025;Acquisto;VWCE;IE00BK5BQT80;;Vanguard Ftse All-World Ucits;3;-372,27;0;EUR;
02-05-2025;06-05-2025;Acquisto;WGLD;JE00BN2CJ301;;WISDOMTREE CORE PHYSICAL GOLD;1;-284,36;0;EUR;
02-05-2025;06-05-2025;Acquisto;EXUS;IE0006WW1TQ4;;Xtrackers MSCI World ex USA UC;4;-124,22;0;EUR;
02-05-2025;06-05-2025;Acquisto;EIMI;IE00BKM4GZ66;;ISHARES CORE MSCI EM IMI UCITS;1;-31,93;0;EUR;
02-05-2025;06-05-2025;Acquisto;EGOV;LU1437018598;;Amundi Core Euro Government Bo;2;-98,73;0;EUR;
02-05-2025;06-05-2025;Acquisto;GAGG;LU1437024729;;Amundi Core Global Aggregate B;3;-145,89;0;EUR;
30-04-2025;02-05-2025;Prelievo bonifico;;;17629693;;0;-3955;0;EUR;
23-04-2025;25-04-2025;Acquisto;GAGG;LU1437024729;;Amundi Core Global Aggregate B;11;-531,47;0;EUR;
23-04-2025;25-04-2025;Acquisto;VWCE;IE00BK5BQT80;;Vanguard Ftse All-World Ucits;4;-474,16;0;EUR;
15-04-2025;17-04-2025;Acquisto;XDEW;IE00BLNMYC90;;XTRACKERS S&P 500 EQUAL WEIGHT;12;-955,44;0;EUR;
11-04-2025;11-04-2025;Conferimento con bonifico;;;17576965;;0;11310;0;EUR;
10-04-2025;31-03-2025;Bollo portafoglio titoli*;;;30190700;;0;-7,4;0;EUR;
27-03-2025;28-03-2025;Prelievo bonifico;;;17512707;;0;-24950;0;EUR;
26-03-2025;28-03-2025;Vendita;XEON;LU0290358497;;XTRACKERS II EUR OVNI RATE SWA;103;15011,41;0;EUR;
26-03-2025;28-03-2025;Vendita;XEON;LU0290358497;;XTRACKERS II EUR OVNI RATE SWA;68;9910,44;0;EUR;
26-03-2025;28-03-2025;Commissioni;XEON;LU0290358497;;XTRACKERS II EUR OVNI RATE SWA;0;-5;0;EUR;
26-03-2025;28-03-2025;Rit. etf;XEON;LU0290358497;;XTRACKERS II EUR OVNI RATE SWA;0;-34,58;0;EUR;
17-03-2025;19-03-2025;Acquisto;EXUS;IE0006WW1TQ4;;Xtrackers MSCI World ex USA UC;44;-1385,34;0;EUR;
17-03-2025;19-03-2025;Acquisto;GAGG;LU1437024729;;Amundi Core Global Aggregate B;3;-148,11;0;EUR;
17-03-2025;19-03-2025;Acquisto;EIMI;IE00BKM4GZ66;;ISHARES CORE MSCI EM IMI UCITS;12;-396,24;0;EUR;
17-03-2025;19-03-2025;Acquisto;EGOV;LU1437018598;;Amundi Core Euro Government Bo;3;-145,22;0;EUR;
11-03-2025;11-03-2025;Conferimento con bonifico;;;17467601;;0;2180;0;EUR;
03-03-2025;05-03-2025;Acquisto;EGOV;LU1437018598;;Amundi Core Euro Government Bo;5;-246,15;0;EUR;
27-02-2025;03-03-2025;Vendita;CSEMU;IE00B53QG562;;ISHARESCOREMSCIEMU(ACC) UCITS;1;195,74;0;EUR;
27-02-2025;03-03-2025;Commissioni;CSEMU;IE00B53QG562;;ISHARESCOREMSCIEMU(ACC) UCITS;0;-0,81;0;EUR;
27-02-2025;03-03-2025;Rit. etf;CSEMU;IE00B53QG562;;ISHARESCOREMSCIEMU(ACC) UCITS;0;-4,05;0;EUR;
17-02-2025;19-02-2025;Acquisto;EGOV;LU1437018598;;Amundi Core Euro Government Bo;4;-196,86;0;EUR;
17-02-2025;19-02-2025;Acquisto;GAGG;LU1437024729;;Amundi Core Global Aggregate B;15;-761,85;0;EUR;
11-02-2025;11-02-2025;Conferimento con bonifico;;;17371472;;0;805;0;EUR;
15-01-2025;17-01-2025;Acquisto;CSEMU;IE00B53QG562;;ISHARESCOREMSCIEMU(ACC) UCITS;1;-180,18;0;EUR;
15-01-2025;17-01-2025;Acquisto;EGOV;LU1437018598;;Amundi Core Euro Government Bo;2;-97,43;0;EUR;
15-01-2025;17-01-2025;Acquisto;EIMI;IE00BKM4GZ66;;ISHARES CORE MSCI EM IMI UCITS;8;-262,6;0;EUR;
15-01-2025;17-01-2025;Acquisto;XDEW;IE00BLNMYC90;;XTRACKERS S&P 500 EQUAL WEIGHT;5;-470,55;0;EUR;
15-01-2025;17-01-2025;Acquisto;GAGG;LU1437024729;;Amundi Core Global Aggregate B;4;-202,6;0;EUR;
13-01-2025;13-01-2025;Conferimento con bonifico;;;17275576;;0;1147;0;EUR;
10-01-2025;31-12-2024;Bollo portafoglio titoli*;;;35400711;;0;-17,9;0;EUR;
23-12-2024;27-12-2024;Acquisto;VWCE;IE00BK5BQT80;;Vanguard Ftse All-World Ucits;1;-133,76;0;EUR;
23-12-2024;27-12-2024;Acquisto;WGLD;JE00BN2CJ301;;WISDOMTREE CORE PHYSICAL GOLD;2;-500,36;0;EUR;
23-12-2024;27-12-2024;Acquisto;EGOV;LU1437018598;;Amundi Core Euro Government Bo;8;-396,44;0;EUR;
23-12-2024;27-12-2024;Acquisto;XDEW;IE00BLNMYC90;;XTRACKERS S&P 500 EQUAL WEIGHT;10;-917,3;0;EUR;
23-12-2024;27-12-2024;Vendita;XEON;LU0290358497;;XTRACKERS II EUR OVNI RATE SWA;7;1013,16;0;EUR;
23-12-2024;27-12-2024;Rit. etf;XEON;LU0290358497;;XTRACKERS II EUR OVNI RATE SWA;0;-0,48;0;EUR;
23-12-2024;27-12-2024;Vendita;SWDA;IE00B4L5Y983;;ISHARES CORE MSCI WORLD UCITS;12;1251,36;0;EUR;
23-12-2024;27-12-2024;Rit. etf;SWDA;IE00B4L5Y983;;ISHARES CORE MSCI WORLD UCITS;0;-49,89;0;EUR;
18-12-2024;20-12-2024;Acquisto;VWCE;IE00BK5BQT80;;Vanguard Ftse All-World Ucits;29;-3936,46;0;EUR;
18-12-2024;20-12-2024;Vendita;XEON;LU0290358497;;XTRACKERS II EUR OVNI RATE SWA;27;3906,1;0;EUR;
18-12-2024;20-12-2024;Rit. etf;XEON;LU0290358497;;XTRACKERS II EUR OVNI RATE SWA;0;-1,61;0;EUR;
16-12-2024;18-12-2024;Acquisto;XEON;LU0290358497;;XTRACKERS II EUR OVNI RATE SWA;12;-1735,66;0;EUR;
11-12-2024;11-12-2024;Conferimento con bonifico;;;17181187;;0;1679;0;EUR;
15-11-2024;19-11-2024;Acquisto;XEON;LU0290358497;;XTRACKERS II EUR OVNI RATE SWA;15;-2164,7;0;EUR;
12-11-2024;12-11-2024;Conferimento con bonifico;;;17102610;;0;2262;0;EUR;
08-11-2024;12-11-2024;Acquisto;XEON;LU0290358497;;XTRACKERS II EUR OVNI RATE SWA;25;-3605,75;0;EUR;
04-11-2024;04-11-2024;Conferimento con bonifico;;;17080735;;0;3279;0;EUR;
01-11-2024;05-11-2024;Acquisto;XEON;LU0290358497;;XTRACKERS II EUR OVNI RATE SWA;182;-26243,62;0;EUR;
30-10-2024;30-10-2024;Conferimento con bonifico;;;17069893;;0;19031;0;EUR;
29-10-2024;29-10-2024;Conferimento con bonifico;;;17066007;;0;7338;0;EUR;
23-10-2024;25-10-2024;Acquisto;XEON;LU0290358497;;XTRACKERS II EUR OVNI RATE SWA;6;-863,88;0;EUR;
18-10-2024;18-10-2024;Conferimento con bonifico;;;17040336;;0;1000;0;EUR;
14-10-2024;15-10-2024;Prelievo bonifico;;;17020115;;0;-100;0;EUR;
11-10-2024;15-10-2024;Vendita;XEON;LU0290358497;;XTRACKERS II EUR OVNI RATE SWA;1;143,81;0;EUR;
11-10-2024;15-10-2024;Rit. etf;XEON;LU0290358497;;XTRACKERS II EUR OVNI RATE SWA;0;-0,01;0;EUR;
09-10-2024;11-10-2024;Acquisto;XEON;LU0290358497;;XTRACKERS II EUR OVNI RATE SWA;1;-143,77;0;EUR;
30-09-2024;30-09-2024;Conferimento con bonifico;;;16984196;;0;200;0;EUR;
